{"cameraMode":{"drawMode":0,"name":"Shaded","section":"Shading Mode"},"sceneLighting":true,"audioPlay":false,"sceneViewState":{"showFog":true,"showMaterialUpdate":false,"showSkybox":true,"showFlares":true,"showImageEffects":true,"showParticleSystems":true},"in2DMode":false,"pivot":{"x":17.809186935424806,"y":-0.20303916931152345,"z":0.0216522216796875},"rotation":{"x":0.0003587141109164804,"y":-0.97966068983078,"z":0.20145820081233979,"w":0.0029593324288725855},"size":8.12769889831543,"orthographic":false}